排名,代號,名稱,市場,股價日期,成交,漲跌價,漲跌幅,面值(元),股本(億),發行量(萬張),市值(億),成立年數,掛牌年數,股票期貨,選擇權,權證,公司債,私募股,特別股,產業別,董事長,總經理
1,2330,台積電,市,11月24日,1375,-10,-0.72,10,"2,593","2,593","356,573",38.8,31.2,有,有,有,有,有,有,半導體業,魏哲家,總裁: 魏哲家
2,2317,鴻海,市,11月24日,220,-5,-2.22,10,"1,396","1,396","30,721",51.8,34.4,有,有,有,有,有,有,其他電子業,劉揚偉,劉揚偉
3,2308,台達電,市,11月24日,893,-2,-0.22,10,260,259.8,"23,196",50.3,36.9,有,有,有,有,有,有,電子零組件業,鄭平,張訓海
4,2454,聯發科,市,11月24日,1150,5,0.44,10,160,160.4,"18,445",28.5,24.3,有,有,有,有,有,有,半導體業,蔡明介,陳冠州
5,2881,富邦金,市,11月24日,92,3.3,3.72,10,"1,561","1,401","12,887",23.9,23.9,有,有,有,有,有,有,金控業,蔡明興,韓蔚廷
6,2382,廣達,市,11月24日,272,2,0.74,10,386,386.3,"10,506",37.5,26.9,有,有,有,有,有,有,電腦及週邊設備業,林百里,梁次震
7,2412,中華電,市,11月24日,132,0.5,0.38,10,776,775.7,"10,240",29.4,25.1,有,有,有,有,,有,通信網路業,簡志誠,林榮賜
8,2882,國泰金,市,11月24日,65.5,1.9,2.99,10,"1,620","1,467","9,608",23.9,23.9,有,有,有,有,,有,金控業,蔡宏圖,李長庚
9,3711,日月光投控,市,11月24日,210.5,1.5,0.72,10,444,442.2,"9,309",7.6,7.57,有,有,有,有,,有,半導體業,張虔生,張洪本
11,2891,中信金,市,11月24日,44.1,0.7,1.61,10,"2,015","1,965","8,666",23.5,23.5,有,有,有,有,,有,金控業,顏文隆,高麗雪
12,6669,緯穎,市,11月24日,4030,-65,-1.59,10,18.6,18.58,"7,489",13.7,6.67,有,有,有,有,,有,電腦及週邊設備業,洪麗寗,林威遠
13,2886,兆豐金,市,11月24日,40.35,0.85,2.15,10,"1,483","1,483","5,985",23.8,23.8,有,有,有,有,,有,金控業,董瑞斌,張傳章
14,2303,聯電,市,11月24日,46.55,1.55,3.44,10,"1,256","1,256","5,844",45.5,40.4,有,有,有,有,,有,半導體業,洪嘉聰,簡山傑、王石
15,2345,智邦,市,11月24日,944,37,4.08,10,56.1,56.11,"5,297",37.8,30,有,有,有,有,,有,通信網路業,黃國修,李訓德
16,6505,台塑化,市,11月24日,55.5,2.5,4.72,10,953,952.6,"5,287",33.6,21.9,有,有,有,有,,,油電燃氣業,曹明,林克彥
17,2884,玉山金,市,11月24日,30.8,0.75,2.5,10,"1,617","1,617","4,982",23.8,23.8,有,有,有,有,,,金控業,黃男州,陳茂欽
19,3017,奇鋐,市,11月24日,1245,5,0.4,10,38.8,38.82,"4,833",33.9,23.2,有,有,有,有,,,電腦及週邊設備業,沈慶行,沈慶行
20,2327,國巨*,市,11月24日,232.5,3.5,1.53,2.5,51.8,207.3,"4,820",38.2,32.1,有,有,有,有,,,電子零組件業,陳泰銘,王淡如
21,2885,元大金,市,11月24日,36.05,0.4,1.12,10,"1,333","1,333","4,806",23.8,23.8,有,有,有,有,,,金控業,翁健,黃維誠
22,2887,台新新光金,市,11月24日,18.5,0.15,0.82,10,"2,936","2,487","4,600",23.8,23.8,有,有,有,有,,,金控業,吳東亮,林維俊
23,2383,台光電,市,11月24日,1320,10,0.76,10,35.8,34.68,"4,577",33.7,28.9,有,有,有,有,,,電子零組件業,董定宇,董定宇
24,2408,南亞科,市,11月24日,143,3,2.14,10,310,309.9,"4,431",30.7,25.3,有,有,有,有,,,半導體業,鄒明仁,李培瑛
25,3231,緯創,市,11月24日,139,0,0,10,318,318,"4,421",24.5,22.3,有,有,有,有,,,電腦及週邊設備業,林憲銘,林建勳
27,1303,南亞,市,11月24日,54.8,2.3,4.38,10,793,793.1,"4,346",67.3,58,有,有,有,有,,,塑膠工業,吳嘉昭,鄒明仁
28,2357,華碩,市,11月24日,585,12,2.09,10,74.3,74.28,"4,345",35.6,29,有,有,有,有,,,電腦及週邊設備業,施崇棠,許先越/胡書賓
29,1216,統一,市,11月24日,74.9,0.1,0.13,10,568,568.2,"4,256",58.3,37.9,有,有,有,有,,,食品工業,羅智先,郭慶峰
30,2892,第一金,市,11月24日,28.65,0.35,1.24,10,"1,438","1,438","4,120",22.9,22.9,有,有,有,有,,,金控業,邱月琴,方螢基
31,2880,華南金,市,11月24日,29.5,0.3,1.03,10,"1,392","1,392","4,106",23.9,23.9,有,有,有,有,,,金控業,陳芬蘭,李耀卿
32,3045,台灣大,市,11月24日,108,1,0.93,10,372,372.3,"4,021",28.7,25.2,有,有,有,有,,,通信網路業,蔡明忠,林之晨
34,2890,永豐金,市,11月24日,27.15,0.45,1.69,10,"1,450","1,450","3,937",23.5,23.5,有,有,有,有,,,金控業,陳思寬,朱士廷
35,2603,長榮,市,11月24日,179,-1,-0.56,10,217,216.5,"3,875",57.2,38.2,有,有,有,有,,,航運業,張衍義,吳光輝
36,5880,合庫金,市,11月24日,24.3,0.3,1.25,10,"1,568","1,568","3,810",14,14,有,有,有,有,,,金控業,林衍茂,蘇佐政
37,3653,健策,市,11月24日,2605,60,2.36,10,14.3,14.29,"3,723",38.7,16,有,有,有,有,,,電子零組件業,趙宗信,林錦隆
38,2301,光寶科,市,11月24日,155,1.5,0.98,10,232,231.7,"3,591",36.7,30,有,有,有,有,,,電腦及週邊設備業,宋明峰,邱森彬
39,2360,致茂,市,11月24日,810,36,4.65,10,42.5,42.53,"3,445",41,28.9,有,有,有,有,,,其他電子業,黃欽明,黃欽明
40,2207,和泰車,市,11月24日,618,-3,-0.48,10,55.7,55.71,"3,443",70.6,28.7,有,有,有,有,,,汽車工業,黃南光,蘇純興
41,4904,遠傳,市,11月24日,92.7,1.3,1.42,10,361,360.6,"3,342",28.6,24,有,有,有,有,,,通信網路業,徐旭東,井琪
42,2059,川湖,市,11月24日,3505,-20,-0.57,10,9.53,9.53,"3,340",39.2,20.6,有,有,有,有,,,電子零組件業,林聰吉,林淑珍
43,3665,貿聯-KY,市,11月24日,1560,-45,-2.8,10,19.5,19.4,"3,026",25.5,14.6,有,有,有,有,,,其他電子業,梁華哲,鄧劍華
44,3008,大立光,市,11月24日,2140,40,1.9,10,13.3,13.35,"2,856",38.6,23.7,有,有,有,有,,,光電業,林恩平,黃有執
45,2002,中鋼,市,11月24日,18.05,0.4,2.27,10,"1,577","1,573","2,840",54,50.9,有,,有,有,,,鋼鐵工業,黃建智,陳守道
47,2368,金像電,市,11月24日,540,-10,-1.82,10,49.2,49.18,"2,656",44.2,27.7,有,,有,有,,,電子零組件業,楊承澤,楊承澤
48,3443,創意,市,11月24日,1980,130,7.03,10,13.4,13.4,"2,653",27.8,19.1,有,,有,有,,,半導體業,曾繁城,戴尚義
49,2883,凱基金,市,11月24日,15.5,0.3,1.97,10,"1,856","1,698","2,631",23.9,23.9,有,,有,有,,,金控業,王銘陽,楊文鈞
50,2379,瑞昱,市,11月24日,508,10,2.01,10,51.3,51.29,"2,605",38.1,27.1,有,,有,有,,,半導體業,邱順建,顏光裕
52,1301,台塑,市,11月24日,40.5,0.5,1.25,10,637,636.6,"2,578",71.1,61.3,有,,有,有,,,塑膠工業,郭文筆,郭文筆
53,3037,欣興,市,11月24日,164,4,2.5,10,153,153,"2,509",35.8,27,有,,有,有,,,電子零組件業,曾子章,馬光華、蘭庭
54,2449,京元電子,市,11月24日,203.5,-1,-0.49,10,122,122.3,"2,488",38.5,24.5,有,,有,有,,,半導體業,李金恭,張高薰
55,2395,研華,市,11月24日,287,5.5,1.95,10,86.4,86.42,"2,480",44.2,26,有,,有,有,,,電腦及週邊設備業,劉克振,陳清熙、蔡淑妍、張家豪
56,2344,華邦電,市,11月24日,54.6,2.4,4.6,10,450,450,"2,457",38.2,30.1,有,,有,有,,,半導體業,焦佑鈞,陳沛銘
58,5274,信驊,櫃,11月24日,6405,330,5.43,10,3.78,3.78,"2,421",21,12.6,有,,有,有,,,半導體業,林鴻明,林鴻明
59,2912,統一超,市,11月24日,231,-2,-0.86,10,104,104,"2,402",38.5,28.3,有,,有,有,,,貿易百貨業,羅智先,黃瑞典
60,3661,世芯-KY,市,11月24日,2970,-20,-0.67,10,8.1,8.09,"2,401",22.7,11.1,有,,有,有,,,半導體業,沈翔霖,沈翔霖
61,3034,聯詠,市,11月24日,389.5,0.5,0.13,10,60.9,60.85,"2,370",28.5,24.6,有,,有,有,,,半導體業,何泰舜,王守仁
62,2801,彰銀,市,11月24日,20.05,0.1,0.5,10,"1,177","1,177","2,359",75.4,63.8,有,,有,有,,,銀行業,胡光華,簡志光
63,2615,萬海,市,11月24日,79.5,-0.2,-0.25,10,281,280.6,"2,231",60.8,29.5,有,,有,有,,,航運業,久福花園股份有限公司,謝福隆
64,1519,華城,市,11月24日,706,18,2.62,10,31.6,31.59,"2,230",56.2,28.6,有,,有,有,,,電機機械,許邦福,許逸德/許逸晟(執行長)
65,1504,東元,市,11月24日,92.9,0.9,0.98,10,238,237.6,"2,208",69.5,52.1,有,,有,有,,,電機機械,利明献,高飛鳶
66,8069,元太,櫃,11月24日,191,-5.5,-2.8,10,115,115.1,"2,198",33.4,21.7,有,,有,有,,,光電業,李政昊,甘豐源
67,8299,群聯,櫃,11月24日,1055,-10,-0.94,10,20.7,20.8,"2,194",25,21,有,,有,有,,,半導體業,顏暐駩,馬中迅
68,3293,鈊象,櫃,11月24日,774,17,2.25,10,28.2,28.18,"2,181",36,19.4,有,,有,有,,,文化創意業,李柯柱,江順成
69,6919,康霈*,市,11月24日,137.5,12.5,10,0.5,7.75,155.1,"2,132",13.1,1.15,有,,有,有,,,生技醫療業,徐坴暉,凌玉芳
71,5876,上海商銀,市,11月24日,40.7,0.7,1.75,10,486,486.2,"1,979",71.2,7.1,有,,有,有,,,銀行業,李慶言,郭進一
72,4938,和碩,市,11月24日,70.7,-0.1,-0.14,10,268,268.2,"1,896",18.4,15.4,有,,有,有,,,電腦及週邊設備業,童子賢,鄭光志/鄧國彥
73,1326,台化,市,11月24日,31.95,0.05,0.16,10,586,586.1,"1,873",60.7,40.9,有,,有,有,,,塑膠工業,洪福源,呂文進
74,6446,藥華藥,市,11月24日,487.5,20,4.28,10,37.9,37.92,"1,849",25.5,9.35,有,,有,有,,,生技醫療業,詹青柳,黃正谷
75,6223,旺矽,櫃,11月24日,1935,95,5.16,10,9.49,9.49,"1,837",30.3,22.9,有,,有,有,,,半導體業,葛長林,郭遠明
76,2609,陽明,市,11月24日,52.3,1.3,2.55,10,349,349.2,"1,826",52.9,33.6,有,,有,有,,,航運業,蔡豐明,白崑榮
77,2618,長榮航,市,11月24日,33.65,0.15,0.45,10,540,540,"1,817",36.6,26.1,有,,有,有,,,航運業,林寶水,孫嘉明
78,6488,環球晶,櫃,11月24日,378,34,9.88,10,47.8,47.81,"1,807",14.1,10.2,有,,有,有,,,半導體業,徐秀蘭,Mark England
79,5871,中租-KY,市,11月24日,105,2,1.94,10,186,171.1,"1,797",15.9,14,有,,有,有,,,其他業,陳鳳龍,陳鳳龍
80,1590,亞德客-KY,市,11月24日,893,15,1.71,10,20,20,"1,786",16.2,15,有,,有,有,,,電機機械,王世忠,李懷文
81,3036,文曄,市,11月24日,132,1.5,1.15,10,130,126,"1,664",31.9,25.2,有,,有,有,,,電子通路業,鄭文宗,鄭文宗
82,5347,世界,櫃,11月24日,88,-0.6,-0.68,10,187,186.7,"1,643",31,27.7,有,,有,有,,,半導體業,方略,尉濟時
83,2376,技嘉,市,11月24日,243.5,4,1.67,10,67,66.99,"1,631",39.6,27.2,有,,有,有,,,電腦及週邊設備業,葉培城,李宜泰/林英宇
84,3044,健鼎,市,11月24日,305,4.5,1.5,10,52.6,52.56,"1,603",33.9,25,有,,有,有,,,電子零組件業,王景春,黃樂仁
85,1101,台泥,市,11月24日,21.2,0.65,3.16,10,775,755.1,"1,601",74.9,63.8,有,,有,有,,,水泥工業,張安平,程耀輝
86,8046,南電,市,11月24日,247,-3,-1.2,10,64.6,64.62,"1,596",28.1,19.6,有,,有,有,,,電子零組件業,鄒明仁,呂連瑞
87,2633,台灣高鐵,市,11月24日,27.85,0.5,1.83,10,563,562.8,"1,567",27.5,9.08,有,,有,有,,,航運業,史哲,陳惠裕
89,2834,臺企銀,市,11月24日,15.8,0.3,1.94,10,972,971.8,"1,535",75.2,27.9,有,,有,有,,,銀行業,李嘉祥,李國忠
90,1402,遠東新,市,11月24日,28.05,-0.2,-0.71,10,535,535.3,"1,501",71.9,58.6,有,,有,有,,,紡織纖維,徐旭東,"吳高山,鄭澄宇,范欽智,李源珍"
91,2356,英業達,市,11月24日,41.05,0.25,0.61,10,359,358.8,"1,473",50.5,29,有,,有,有,,,電腦及週邊設備業,葉力誠,蔡枝安
92,2404,漢唐,市,11月24日,770,19,2.53,10,19.1,19.06,"1,468",43.2,27.8,有,,有,有,,,其他電子業,李惠文,賴志明
93,3529,力旺,櫃,11月24日,1915,80,4.36,10,7.47,7.47,"1,430",25.2,14.8,有,,有,有,,,半導體業,徐清祥,何明洲
95,1102,亞泥,市,11月24日,38.35,0.95,2.54,10,355,354.7,"1,360",68.7,63.5,有,,有,有,,,水泥工業,徐旭東,李坤炎
96,00713,元大台灣高息低波,市,11月24日,50.15,0.38,0.76,10,419,271,"1,359",8.2,8.16,有,,有,有,,,國內成分股ETF,劉宗聖,陳沛宇
98,6770,力積電,市,11月24日,32.1,-0.9,-2.73,10,106,418.8,"1,344",17.6,3.97,有,,有,有,,,半導體業,黃崇仁,朱憲國
99,4958,臻鼎-KY,市,11月24日,140.5,-0.5,-0.35,10,11.3,95.67,"1,344",19.5,13.9,有,,有,有,,,電子零組件業,沈慶芳,簡禎富
100,3533,嘉澤,市,11月24日,1165,10,0.87,10,98.7,11.25,"1,311",39.3,18,有,,有,有,,,電子零組件業,朱德祥,何德佑
102,9910,豐泰,市,11月24日,130,3.5,2.77,10,62.4,98.75,"1,284",54.3,33.8,有,,有,有,,,運動休閒,王建弘,陳昭吉
103,2474,可成,市,11月24日,205.5,-2,-0.96,10,443,62.37,"1,282",41,24.2,有,,有,有,,,其他電子業,洪水樹,洪天賜
104,1605,華新,市,11月24日,28.85,0.5,1.76,10,441,443.1,"1,278",59,53.1,有,,有,有,,,電器電纜,焦佑倫,潘文虎
105,2324,仁寶,市,11月24日,28.7,0.05,0.17,10,592,440.7,"1,265",41.5,33.8,有,,有,有,,,電腦及週邊設備業,陳瑞聰,Anthony Peter Bonadero
106,2812,台中銀,市,11月24日,21,0,0,10,27.4,592.2,"1,244",72.2,41.5,有,,有,有,,,銀行業,李瑞倉,董益源
107,1476,儒鴻,市,11月24日,436.5,17,4.05,10,133,27.44,"1,198",48,24.6,有,,有,有,,,紡織纖維,王樹文,洪瑞廷
109,3706,神達,市,11月24日,88,2.1,2.44,10,608,132.7,"1,168",12.2,12.2,有,,有,有,,,電腦及週邊設備業,苗豐強,何繼武
110,2610,華航,市,11月24日,19,-0.05,-0.26,10,75.9,608.4,"1,156",66.2,32.7,有,,有,,,,航運業,高星潢,陳漢銘
111,6239,力成,市,11月24日,151.5,0.5,0.33,10,28.3,75.91,"1,150",28.5,22.6,有,,有,,,,半導體業,蔡篤恭,呂肇祥
112,6274,台燿,櫃,11月24日,396.5,4,1.02,10,12.2,28.87,"1,145",51.5,21.9,有,,有,,,,電子零組件業,辛忠衡,胡桂琴
113,8210,勤誠,市,11月24日,880,-14,-1.57,10,29.3,12.53,"1,103",42,20.6,有,,有,,,,電腦及週邊設備業,陳美琪,陳亞男
114,8464,億豐,市,11月24日,373.5,6.5,1.77,10,8.54,29.3,"1,094",18.3,9.93,有,,有,,,,居家生活,粘耿豪,粘肇紘
115,6781,AES-KY,市,11月24日,1250,-20,-1.57,10,168,8.54,"1,068",5.9,4.68,有,,有,,,,電子零組件業,宋福祥,宋維哲
116,3702,大聯大,市,11月24日,63.4,-0.4,-0.63,10,324,167.9,"1,065",20,20,有,,有,,,,電子通路業,黃偉祥,張蓉崗
117,2105,正新,市,11月24日,32.4,0.05,0.15,10,23.4,324.1,"1,050",55.9,38,有,,有,,,,橡膠工業,陳榮華,李進昌
119,6139,亞翔,市,11月24日,439.5,4.5,1.03,10,167,23.33,"1,025",47,23.8,有,,有,,,,其他電子業,姚祖驤,蔣曉麟
120,2347,聯強,市,11月24日,60.7,1,1.68,10,799,166.8,"1,012",37.2,30,有,,有,,,,電子通路業,苗豐強,杜書伍
122,3481,群創,市,11月24日,12.3,0.2,1.65,10,291,798.9,983,22.9,19.1,有,,有,,,,光電業,洪進揚,楊弘文
125,1802,台玻,市,11月24日,33,0.55,1.69,10,7.73,290.8,960,61.3,52.4,有,,有,,,,玻璃陶瓷,林伯豐,林伯實
126,6442,光聖,市,11月24日,1230,110,9.82,10,258,7.73,951,29.2,10.4,有,,有,,,,通信網路業,"CHEN, STEVE",張英華
127,2027,大成鋼,市,11月24日,36.2,0.6,1.69,10,6.86,258.4,936,39,29.1,有,,有,,,,鋼鐵工業,謝麗雲,謝榮坤
129,6805,富世達,市,11月24日,1340,-5,-0.37,10,119,6.86,919,24.5,2.05,有,,有,,,,電子零組件業,黃祖模,徐安賜
130,2313,華通,市,11月24日,77,0.6,0.79,10,76,119.2,918,52.2,35.3,有,,有,,,,電子零組件業,江培琨,江培琨
131,2385,群光,市,11月24日,117.5,-0.5,-0.42,10,3.6,76.01,893,42.8,26.9,有,,有,,,,電子零組件業,許崑泰,呂進宗
132,6515,穎崴,市,11月24日,2475,165,7.14,10,141,3.6,892,24.6,4.85,有,,有,,,,半導體業,王嘉煌,王嘉煌
133,2354,鴻準,市,11月24日,63,-1.1,-1.72,10,295,141.4,891,35.6,29.1,有,,有,,,,其他電子業,陳國寶,潘彥仁
134,9904,寶成,市,11月24日,29.85,0.55,1.88,10,7.48,294.7,880,56.2,35.8,有,,有,,,,運動休閒,吳邦治,盧金柱
135,5269,祥碩,市,11月24日,1175,10,0.86,10,84.5,7.48,879,21.7,13,有,,有,,,,半導體業,徐世昌,林哲偉
136,2377,微星,市,11月24日,102.5,1.5,1.49,10,180,84.49,866,39.3,27.1,有,,有,,,,電腦及週邊設備業,徐祥,黃金請
137,1229,聯華,市,11月24日,48.05,0.45,0.95,10,8.77,179.6,863,70.4,49.4,有,,有,,,,食品工業,苗豐強,林信宏
138,6409,旭隼,市,11月24日,983,-16,-1.6,10,284,8.77,862,17.6,11.7,有,,有,,,,其他電子業,謝卓明,謝卓明
139,9945,潤泰新,市,11月24日,30.1,0.75,2.56,10,15.8,284.4,856,48.2,33.6,有,,有,,,,其他業,簡滄圳,盧玉璜
141,7799,禾榮科,市,11月24日,543,7,1.31,10,52.1,15.65,850,8.3,0.19,有,,有,,,,生技醫療業,許金榮,沈孝廉
142,1503,士電,市,11月24日,162.5,0.5,0.31,10,454,52.1,847,70.1,55.9,有,,有,,,,電機機械,許育瑞,郭約瑟、程相智
143,2838,聯邦銀,市,11月24日,19.4,0.3,1.57,10,305,434.1,842,33.9,27.4,有,,有,,,,銀行業,林鴻聯,許維文
144,2353,宏碁,市,11月24日,27.5,-0.45,-1.61,10,9.18,304.8,838,49.3,29.2,有,,有,,,,電腦及週邊設備業,陳俊聖,簡慧祥
145,3324,雙鴻,櫃,11月24日,892,11,1.25,10,755,9.28,827,27.3,20.5,有,,有,,,,其他電子業,林育申,陳志偉
146,2409,友達,市,11月24日,10.85,0.05,0.46,10,217,754.7,819,29.3,25.2,有,,有,,,,光電業,彭又又浪,柯富仁
147,2542,興富發,市,11月24日,37.4,0.8,2.19,10,43.1,217.3,813,45.8,26.6,有,,有,,,,建材營造業,曹淵博,范華軍
148,2451,創見,市,11月24日,186.5,0,0,5,6.2,43.07,803,36.2,24.6,有,,有,,,,半導體業,束崇萬,張宗凱
149,5536,聖暉*,櫃,11月24日,646,-4,-0.62,10,26.7,12.41,802,46.8,15,有,,有,,,,其他電子業,梁進利,賴銘崑&王俊盛
150,1795,美時,市,11月24日,293,12.5,4.46,10,24.7,26.7,782,59.4,15.8,有,,有,,,,生技醫療業,Vilhelm Robert Wessman,Petar Antonov Vazharov
152,1477,聚陽,市,11月24日,309,8.5,2.83,10,50.3,24.67,762,35.9,22.8,有,,有,,,,紡織纖維,周理平,周心鵬
153,1513,中興電,市,11月24日,151.5,0,0,10,62,50.31,762,69.6,31.7,有,,有,,,,電機機械,江馥年,郭慧娟
154,3005,神基,市,11月24日,119,-1.5,-1.24,10,31.8,62.02,738,36.1,23.7,有,,有,,,,電腦及週邊設備業,黃明漢,黃明漢
155,6789,采鈺,市,11月24日,231,5,2.21,10,16.8,31.83,735,22,3.41,有,,有,,,,半導體業,關欣,關欣
156,6526,達發,市,11月24日,434,-3.5,-0.8,10,9.27,16.75,727,24.3,2.1,有,,有,,,,半導體業,謝清江,謝清江
157,4749,新應材,櫃,11月24日,773,36,4.88,10,174,9.27,717,22.2,0.85,有,,有,,,,半導體業,詹文雄,郭光埌
158,2258,鴻華先進-創,市,11月24日,40.75,-0.05,-0.12,10,24.9,174.1,710,5.1,2.02,有,,有,,,,汽車工業,李秉彥,陳清亞
159,6890,來億-KY,市,11月24日,282.5,18.5,7.01,10,301,24.94,705,4.4,1.45,有,,有,,,,運動休閒,鐘德禮,林昌永
160,2646,星宇航空,市,11月24日,23.3,-0.05,-0.21,10,215,300.9,701,7.6,1.08,有,,有,,,,航運業,張國煒,翟健華
161,2371,大同,市,11月24日,32.55,0.55,1.72,2.5,9.71,215.1,700,75.6,63.8,有,,有,,,,電機機械,張榮華,張松鑌
162,6415,矽力*-KY,市,11月24日,180,0.5,0.28,10,12.4,38.81,699,17.8,12,有,,有,,,,半導體業,陳偉,游步東及謝兵
164,6472,保瑞,市,11月24日,535,14,2.69,10,64.1,12.45,666,18.5,8.6,有,,有,,,,生技醫療業,盛保熙,盛保熙
165,5483,中美晶,櫃,11月24日,101,2.7,2.75,10,35.4,64.12,648,44.8,24.7,有,,有,,,,半導體業,徐秀蘭,陳振乾
166,2049,上銀,市,11月24日,181,-2.5,-1.36,5,8.13,35.38,640,36.1,16.4,有,,有,,,,電機機械,卓文恒,蔡惠卿
169,6531,愛普*,市,11月24日,388.5,8,2.1,10,186,16.25,631,14.3,9.49,有,,有,,,,半導體業,陳文良,洪志勳
170,2337,旺宏,市,11月24日,33.85,-0.65,-1.88,10,18.5,185.6,628,36,30.7,有,,有,,,,半導體業,吳敏求,盧志遠
171,6121,新普,櫃,11月24日,339,-14,-3.97,10,438,18.5,627,33.6,24,有,,有,,,,電腦及週邊設備業,宋福祥,宋福祥
173,2845,遠東銀,市,11月24日,12.6,0.1,0.8,10,45.7,486.5,613,33.9,27,有,,有,,,,銀行業,張家祝(代理董事長),周添財
174,3189,景碩,市,11月24日,132,3,2.33,10,26.5,45.68,603,25.2,21.1,有,,有,,,,半導體業,廖賜政,陳河旭
175,8454,富邦媒,市,11月24日,227.5,4,1.79,10,110,26.5,603,21.2,10.9,有,,有,,,,數位雲端,蔡明忠,谷元宏
176,2915,潤泰全,市,11月24日,54,0.7,1.31,10,25.3,110.4,596,49.9,48.4,有,,有,,,,貿易百貨業,徐盛育,徐志漳
177,8358,金居,櫃,11月24日,234,1,0.43,10,363,25.26,591,27.5,15.2,有,,有,,,,電子零組件業,李思賢,李思賢
179,2889,國票金,市,11月24日,16.15,0.25,1.57,10,32.6,363.4,587,23.7,23.7,有,,有,,,,金控業,魏啟林,陳冠舟
180,3260,威剛,櫃,11月24日,178.5,5,2.88,10,48.6,32.58,582,24.6,21.1,有,,有,,,,半導體業,陳立白,陳玲娟
181,2492,華新科,市,11月24日,119,0.5,0.42,10,59.1,48.58,578,55.3,28,有,,有,,,,電子零組件業,焦佑衡,曾明燦
182,1319,東陽,市,11月24日,95.3,-1.5,-1.55,10,19.1,59.15,564,58.1,31,有,,有,,,,汽車工業,吳永茂,吳永祥
184,5434,崇越,市,11月24日,293,5.5,1.91,10,49.9,19.13,561,35.8,25.5,有,,有,,,,電子通路業,潘重良,曾海華及李正榮
185,6191,精成科,市,11月24日,111,0.5,0.45,10,12.1,49.93,554,52.8,34.8,有,,有,,,,電子零組件業,焦佑衡,陶正國/楊建輝
186,6691,洋基工程,市,11月24日,456,6,1.33,10,46.5,12.15,554,45.3,3.89,有,,有,,,,其他電子業,劉士源,林鴻忠
188,6176,瑞儀,市,11月24日,117,-2,-1.68,10,217,46.5,544,30.3,23.6,有,,有,,,,光電業,王昱超,王昱超
189,6005,群益證,市,11月24日,25.05,0.35,1.42,10,67.6,217.1,544,37.4,30.2,,,有,,,,證券業,周秀真,李文柱
190,9941,裕融,市,11月24日,93.6,0.6,0.65,10,37.5,57.56,539,35.6,25.9,,,有,,,,其他業,嚴陳莉蓮,闕源龍
191,2645,長榮航太,市,11月24日,143,6,4.38,10,3.28,37.46,536,28,2.7,,,有,,,,航運業,黃南宏,謝新文
192,6510,精測,櫃,11月24日,1630,145,9.76,1,9.89,3.28,534,20.2,9.67,,,有,,,,半導體業,馬宏燦,黃水可
193,4763,材料*-KY,市,11月24日,54,0.8,1.5,10,119,98.91,534,11.2,10,,,有,,,,化學工業,王克璋,王克璋
194,2539,櫻花建,市,11月24日,44.7,0.65,1.48,10,11.3,119.3,533,38.6,28.4,,,有,,,,建材營造業,陳世英,沈淑貞
196,3406,玉晶光,市,11月24日,459,9.5,2.11,10,42.4,11.27,517,35.8,19.9,,,有,,,,光電業,陳天慶,郭英理
197,3105,穩懋,櫃,11月24日,122,11,9.91,10,31.1,42.39,517,26.1,14,,,有,,,,半導體業,陳進財,陳國樺
198,2597,潤弘,市,11月24日,165,2,1.23,10,8.01,31.07,513,50.1,15.7,,,有,,,,建材營造業,李志宏,莫惟瀚
199,4966,譜瑞-KY,櫃,11月24日,637,9,1.43,10,7.18,8.01,510,20,14.2,,,有,,,,半導體業,趙捷,曲明
201,7750,新代,市,11月24日,703,-2,-0.28,10,24,7.18,505,30.3,0.19,,,有,,,,電機機械,蔡尤鏗,蔡尤鏗
202,3023,信邦,市,11月24日,209.5,3.5,1.7,10,79.2,24.01,503,36,24.6,,,有,,,,電子零組件業,王紹新,梁偉銘
203,2206,三陽工業,市,11月24日,62.1,1.3,2.14,10,30.3,79.18,492,64.2,29.3,,,有,,,,汽車工業,吳清源,吳清源
204,1736,喬山,市,11月24日,162,12.5,8.36,10,8.02,30.34,491,50.1,22.9,,,有,,,,運動休閒,羅崑泉,羅光廷
205,4583,台灣精銳,市,11月24日,609,1,0.16,10,41.7,8.02,488,26.1,3.55,,,有,,,,電機機械,張重興,郭崇哲
206,2211,長榮鋼,市,11月24日,116.5,2.5,2.19,10,45.1,41.71,486,52.8,4.62,,,有,,,,鋼鐵工業,林耿立,劉邦恩
207,9917,中保科,市,11月24日,107.5,1,0.94,10,73,45.12,485,48,32,,,有,,,,其他業,林建涵,林建涵
208,2006,東和鋼鐵,市,11月24日,66.2,3.3,5.25,10,74.6,73.02,483,63.5,37.4,,,有,,,,鋼鐵工業,侯傑騰,黃炳樺
210,2637,慧洋-KY,市,11月24日,64,1.4,2.24,10,84.5,74.64,478,17.1,15,,,有,,,,航運業,藍俊昇,藍俊昇
211,2606,裕民,市,11月24日,56.5,1.6,2.91,10,48.4,84.51,477,57.2,35,,,有,,,,航運業,徐旭東,王書吉
212,6285,啟碁,市,11月24日,97,-0.5,-0.51,10,10.6,48.41,470,29,22.2,,,有,,,,通信網路業,謝宏波,高健榮
213,5904,寶雅,櫃,11月24日,440,8,1.85,10,98,10.64,468,28.7,23.2,,,有,,,,居家生活,陳建造,陳宗成
214,1722,台肥,市,11月24日,47.5,0.4,0.85,10,27.3,98,466,79.6,27.7,,,有,,,,化學工業,張滄郎,張滄郎
215,2421,建準,市,11月24日,169,-5.5,-3.15,10,89.5,27.34,462,45.1,25.2,,,有,,,,電子零組件業,洪慶昇,洪慶昇
216,1210,大成,市,11月24日,51.5,0.4,0.78,10,166,89.48,461,64.9,47.5,,,有,,,,食品工業,韓家宇,韓芳豪
217,1907,永豐餘,市,11月24日,27.75,0.45,1.65,10,117,166,461,75.8,48.8,,,有,,,,造紙工業,葉惠青,駱秉正
218,1717,長興,市,11月24日,39,0.8,2.09,10,78.2,117.2,457,61,31.7,,,有,,,,化學工業,高國倫,毛惠寬
219,5522,遠雄,市,11月24日,58.3,1.4,2.46,10,94.2,78.16,456,47.3,25.9,,,有,,,,建材營造業,趙文嘉,王耀堂
220,2634,漢翔,市,11月24日,48.25,1.8,3.88,10,48.4,94.19,454,29.4,11.3,,,有,,,,航運業,待委任(由曹進平總經理代理董事長職務),曹進平
221,6257,矽格,市,11月24日,93.7,0.3,0.32,10,21.8,48.39,453,36.9,22.3,,,有,,,,半導體業,黃興陽,葉燦鍊
223,6196,帆宣,市,11月24日,221.5,1,0.45,10,14.7,20.22,448,36.9,23.1,,,有,,,,其他電子業,高新明,林育業
224,1560,中砂,市,11月24日,306,7,2.34,10,94.5,14.63,448,61.4,20.8,,,有,,,,電機機械,林伯全,謝榮哲
225,2540,愛山林,市,11月24日,47.1,-0.2,-0.42,10,48.6,94.49,445,39.2,35.9,,,有,,,,建材營造業,祝文宇,祝藝
226,5469,瀚宇博,市,11月24日,90.8,0,0,10,9.46,48.62,441,36.7,24.8,,,有,,,,電子零組件業,焦佑衡,陶正國
228,5289,宜鼎,櫃,11月24日,467,-26.5,-5.37,10,9.15,9.41,440,20.7,12,,,有,,,,電腦及週邊設備業,簡川勝,簡川勝
229,8996,高力,市,11月24日,478,16,3.46,10,7.63,9.15,437,55.1,19.4,,,有,,,,電機機械,吳誌雄,王心五
230,6944,兆聯實業,市,11月24日,572,50,9.58,10,590,7.63,436,20.9,0.5,,,有,,,,綠能環保,林國清,曹逸昌
231,2867,三商壽,市,11月24日,7.27,0.11,1.54,10,14.8,590,429,32.5,12.9,,,有,,,,保險業,翁肇喜,陳宏昇
233,4772,台特化,櫃,11月24日,290,6.5,2.29,10,22.3,14.77,428,12.7,1.18,,,有,,,,化學工業,徐秀蘭,張雄飛
234,5903,全家,櫃,11月24日,191,0.5,0.26,10,158,22.32,426,37.3,23.7,,,有,,,,居家生活,葉榮廷,薛東都
236,2352,佳世達,市,11月24日,26.85,0.1,0.37,10,49,158,424,41.6,29.3,,,有,,,,電腦及週邊設備業,陳其宏,黃漢州
237,3264,欣銓,櫃,11月24日,86.4,0.2,0.23,10,52.1,49.02,424,26.1,20.9,,,有,,,,半導體業,盧志遠,張季明
239,1815,富喬,櫃,11月24日,80.7,-1.2,-1.47,10,26.1,52.09,420,26.9,19.8,,,有,,,,電子零組件業,張元賓,陳壁程
240,3035,智原,市,11月24日,160.5,1,0.63,0.4,3.8,26.06,418,32.5,26.1,,,有,,,,半導體業,洪嘉聰,王國雍
241,6548,長科*,櫃,11月24日,43.9,0.05,0.11,10,118,95.05,417,15.9,9.2,,,有,,,,半導體業,洪全成,洪全成
242,2504,國產,市,11月24日,35.3,0,0,10,9.25,118,417,71,47.7,,,有,,,,建材營造業,徐蘭英,吳志仁
244,3081,聯亞,櫃,11月24日,443.5,28,6.74,10,2.92,9.25,410,28.5,10.3,,,有,,,,通信網路業,張景溢,羅淇生
245,3131,弘塑,櫃,11月24日,1390,55,4.12,10,72.3,2.92,406,32.6,14.9,,,有,,,,其他電子業,張泰山,黃富源
246,6592,和潤企業,市,11月24日,64.7,2.9,4.69,10,29.5,62.32,403,26.5,5.96,,,有,,,,其他業,陳建州,林彥良
247,1215,卜蜂,市,11月24日,136.5,0.5,0.37,10,22,29.48,402,48.3,38.3,,,,,,,食品工業,鄭武樾,許瑞通
248,3596,智易,市,11月24日,182.5,-1,-0.54,10,30,22.04,402,22.5,16.7,,,,,,,通信網路業,陳瑞聰,曾釗鵬
249,1773,勝一,市,11月24日,134,1,0.75,10,83.5,30,402,46.8,16.7,,,,,,,化學工業,孫靜源,孫啟發
250,2498,宏達電,市,11月24日,47.65,-0.15,-0.31,10,15.4,83.52,398,28.5,23.7,,,,,,,通信網路業,王雪紅,王雪紅
252,3211,順達,櫃,11月24日,257.5,-4,-1.53,10,56.9,15.4,397,27.4,21,,,,,,,電腦及週邊設備業,鍾聰明,張崇興
254,2441,超豐,市,11月24日,68.9,-0.1,-0.14,10,30.4,56.88,392,42.7,25.1,,,,,,,半導體業,謝永達,紀有章
255,2458,義隆,市,11月24日,128.5,0,0,10,13.8,30.39,390,31.6,24.2,,,,,,,半導體業,葉儀皓,葉儀皓
257,6414,樺漢,市,11月24日,282,-5,-1.74,10,12.1,13.75,388,26.4,11.7,,,,,,,電腦及週邊設備業,朱復銓,蔡能吉
258,4766,南寶,市,11月24日,321.5,6.5,2.06,10,107,12.06,388,62.1,6.99,,,,,,,化學工業,吳政賢,許明現
260,2201,裕隆,市,11月24日,36.1,-1.45,-3.86,10,160,107,386,72.2,49.4,,,,,,,汽車工業,嚴陳莉蓮,許國興
261,2855,統一證,市,11月24日,24.05,-0.1,-0.41,10,74.5,160.1,385,36.9,26.8,,,,,,,證券業,林寬成,楊凱智
262,6147,頎邦,櫃,11月24日,51.6,0.1,0.19,10,47.1,74.46,384,28.4,23.8,,,,,,,半導體業,吳非艱,施政宏
263,4915,致伸,市,11月24日,81.5,-1.3,-1.57,10,31.6,47.12,384,19.7,13.1,,,,,,,電子零組件業,潘永中,潘永中
266,2850,新產,市,11月24日,118,1.5,1.29,10,39.2,31.6,373,62.6,25.5,,,,,,,保險業,吳昕紘,何英蘭
267,9921,巨大,市,11月24日,94.6,0.1,0.11,10,27.9,39.21,371,53.1,30.9,,,,,,,運動休閒,劉湧昌,劉素娟
268,3019,亞光,市,11月24日,132,1,0.76,10,58.2,27.92,369,45.1,25.1,,,,,,,光電業,賴以仁,林泰朗
270,00900,富邦特選高股息30,市,11月24日,12.99,0.12,0.93,10,29.6,282.6,367,3.9,3.93,,,,,,,國內成分股ETF,黃昭棠,呂其倫
271,2015,豐興,市,11月24日,63,0.7,1.12,10,40.1,58.16,366,56.9,33.5,,,,,,,鋼鐵工業,林大鈞,林永源
273,9939,宏全,市,11月24日,123.5,1,0.82,10,36.3,29.58,365,56.4,24.7,,,,,,,其他業,鄭雅文,曹宏宇
274,6412,群電,市,11月24日,90.9,0.4,0.44,10,6.8,40.08,364,16.9,12,,,,,,,電子零組件業,呂進宗,曾國華
276,6213,聯茂,市,11月24日,99.6,-0.4,-0.4,10,10.4,36.3,362,28.6,22.9,,,,,,,電子零組件業,陳進財,蔡馨(日彗)
278,7722,LINEPAY,市,11月24日,525,2,0.38,10,103,6.8,357,10.7,0.97,,,,,,,數位雲端,丁雄注,丁雄注
279,3363,上詮,櫃,11月24日,344,12.5,3.77,10,19.6,10.36,357,30.5,14.7,,,,,,,通信網路業,林松福,胡頂達
280,8415,大國鋼,櫃,11月24日,34.3,0.7,2.08,10,55.5,103.2,354,18.4,9.22,,,,,,,鋼鐵工業,謝麗雲,謝榮坤
281,3376,新日興,市,11月24日,180.5,3,1.69,10,27.1,19.58,353,57.4,19.9,,,,,,,電子零組件業,呂勝男,阮朝宗
282,8112,至上,市,11月24日,67.2,-1,-1.47,10,174,52.53,353,38.7,21.8,,,,,,,電子通路業,葛均,葛均
284,3374,精材,櫃,11月24日,129.5,-0.5,-0.38,10,23.6,27.14,351,27.2,10.7,,,,,,,半導體業,陳家湘,陳家湘
285,2923,鼎固-KY,市,11月24日,20.15,0.5,2.54,10,24.7,174,351,18,13,,,,,,,建材營造業,張洪本,張能耀
287,3030,德律,市,11月24日,145.5,3,2.11,10,59.6,23.62,344,36.6,24.7,,,,,,,其他電子業,陳玠源,陳玠源
288,9958,世紀鋼,市,11月24日,138.5,3.5,2.59,10,142,24.69,342,38.1,17.7,,,,,,,鋼鐵工業,賴文祥,李建安
291,1785,光洋科,櫃,11月24日,56.8,0.6,1.07,10,55.4,59.6,339,47.2,20.8,,,,,,,其他電子業,黄啓峰,黄啓峰
292,2903,遠百,市,11月24日,23.85,-0.05,-0.21,10,13.9,141.7,338,58.2,47.1,,,,,,,貿易百貨業,徐旭東,徐雪芳
293,2204,中華,市,11月24日,61,0.6,0.99,10,38.8,55.36,338,56.5,34.7,,,,,,,汽車工業,嚴陳莉蓮,曾鑫城
294,6670,復盛應用,市,11月24日,241.5,7,2.99,10,39.1,13.94,337,15.2,6.94,,,,,,,運動休閒,李亮箴,江慶生
295,3532,台勝科,市,11月24日,86.7,1.7,2,10,27.2,38.78,336,30,18,,,,,,,半導體業,郭文筆,高橋和也
296,5371,中光電,櫃,11月24日,85.1,2.7,3.28,10,9.7,39.1,333,33.4,26.8,,,,,,,光電業,張威儀,林惠姿
298,6214,精誠,市,11月24日,120.5,2.5,2.12,,,27.22,328,28.9,22.9,,,,,,,資訊服務業,林隆奮,林隆奮
300,6187,萬潤,櫃,11月24日,333.5,7.5,2.3,,,9.71,324,29.5,23.2,,,,,,,半導體業,盧鏡來,歐承恩
